player_name,games,goals,key_passes,xG,xA,id,SpG,PS%,KeyP,Drb,AvgP,Crosses,ThrB
Jamie Vardy,13,12,8,6.954994983971119,1.509501153603196,166,2.4,72.0,0.6,0.4,12.4,0.1,0.0
Tammy Abraham,13,10,13,7.50422041118145,2.3871511910110708,460,3.1,71.1,1.0,0.2,13.3,0.2,0.0
Sergio Agüero,12,9,13,8.482087880373001,2.180391475558281,210,3.5,80.6,1,1,15.0,0.0,0.0
Pierre-Emerick Aubameyang,13,8,10,5.723733015358447,1.4710784330964088,11,2.6,71.0,0.8,0.5,22.3,0.8,0.0
Sadio Mané,13,8,25,5.5901832431554785,2.536265637725592,192,2.4,80.3,1.9,1.2,30.0,0.2,0.1
Marcus Rashford,13,7,18,8.781240999698639,2.900503957644105,233,3.1,76.5,1.4,1.8,24.2,0.3,0.1
Raheem Sterling,12,7,22,7.089580155909061,4.155450753867626,214,3.1,79.0,1.8,2.3,36.6,0.5,0.3
Harry Kane,12,7,9,5.315604738891125,0.8628008179366589,338,2.7,67.9,0.8,0.5,17.4,0.2,0.0
Danny Ings,13,6,10,4.480161825194955,0.483226996846497,313,2.2,55.4,0.8,0.7,12.1,0.1,0.0
Mohamed Salah,11,6,17,6.751287929713726,1.4529703557491302,191,3.6,76.0,1.5,1.5,27.6,0.5,0.0
Raúl Jiménez,13,6,20,4.732410542666912,2.8950901478528976,409,3.2,73.8,1.5,2.1,26.4,0.1,0.1
Ashley Barnes,12,6,2,6.333432385697961,0.19081328064203265,90,2.9,57.4,0.2,0.5,14.7,0.0,0.0
Chris Wood,11,6,6,7.140892103314401,0.28480820916593075,91,2.2,66.5,0.5,0.1,14.6,0.0,0.0
Teemu Pukki,13,6,17,4.346721816807984,3.0876544248312716,278,2.7,80.3,1.3,0.7,15.6,0.0,0.0
Callum Wilson,13,5,16,4.791890796273948,1.5137680806219578,67,1.5,66.1,1.2,0.7,14.5,0.2,0.1
Christian Pulisic,10,5,13,3.6921238750219354,1.9948461465537548,431,1.9,81.9,1.3,2.2,27.7,0.2,0.1
Bernardo Silva,11,5,16,3.907775796949864,2.689393252134323,218,2.2,87.0,1.5,2.4,38.5,0.5,0.0
Kevin De Bruyne,12,4,44,3.022030148655176,7.048554189503193,215,2.5,82.4,3.8,1.6,48.4,2.9,0.3
Son Heung-Min,11,4,17,2.778085752390325,2.3716136254370213,342,3.1,86.0,1.5,2.2,26.5,0.3,0.2
Roberto Firmino,13,4,17,5.9011766985058784,3.3404708169400688,187,3.2,79.1,1.3,1.8,31.2,0.0,0.0
Jordan Ayew,12,4,7,3.5964560620486736,0.45429927110672,468,1.8,74.4,0.6,1.1,19.8,0.0,0.0
Ayoze Pérez,12,4,8,2.9911795519292355,0.8069222569465637,265,1.5,79.9,0.7,1.5,24.5,0.3,0.0
Lys Mousset,10,4,6,2.2844252195209265,1.6333387065678835,70,1.4,60.5,0.6,1.2,7.6,0.0,0.0
Alexandre Lacazette,8,4,8,2.908053383231163,0.8997301906347275,12,2.6,73.7,1,1,19.0,0.4,0.0
Neal Maupay,13,4,9,5.664863523095846,0.8740658238530159,502,3,83.3,0.7,0.7,18.0,0.2,0.1
Harry Wilson,12,4,7,1.6472001662477849,1.2219931259751322,505,1.9,78.7,0.6,0.2,20.8,0.2,0.3
Sébastien Haller,12,4,11,5.016003664582968,0.7545700687915087,457,2.4,71.7,0.9,0.3,30.1,0.1,0.0
James Maddison,12,4,28,2.6204022504389286,2.053250528872013,171,3.0,83.6,2.3,2.4,47.8,2,0.3
Wesley,13,4,7,5.835600949823856,0.6793745774775743,428,1.8,75.9,0.5,0.5,15.6,0.0,0.0
Mason Mount,13,4,23,3.7143818885087967,1.840046726167202,463,2.6,82.9,1.8,1.1,31.5,1,0.0
Joshua King,12,3,16,3.3966374173760414,1.6982121989130974,68,1.1,66.1,1.3,2.5,20.9,0.2,0.0
Anthony Martial,8,3,7,3.756504494696856,1.1267298609018326,239,2.3,83.5,0.9,1.8,19.8,0.1,0.0
Riyad Mahrez,9,3,21,1.94457533583045,3.942728625610471,217,2.2,89.2,2.3,1.6,34.0,0.4,0.4
N'Golo Kanté,6,3,5,1.1098105981945992,0.3040403686463833,119,1.2,81.3,0.8,0.8,42.8,0.5,0.0
James Ward-Prowse,13,3,20,4.033961594104767,1.49057312682271,321,1.8,76.2,1.5,0.4,33.9,1.7,0.0
Gabriel Jesus,10,3,6,4.860026951879263,0.4032076485455036,211,2.7,87.5,0.6,1.3,12.0,0.0,0.0
Dominic Calvert-Lewin,11,3,3,3.635436534881592,0.12683312967419624,147,1.1,58.3,0.3,0.3,9.4,0.0,0.0
Daniel James,13,3,12,1.9919081479310992,2.678363854065537,243,1.5,76.9,0.9,1.1,24.3,0.7,0.0
Anwar El Ghazi,12,3,14,3.1067402455955744,1.8173697367310524,30,1.9,74.4,1.2,0.8,18.3,0.8,0.0
Youri Tielemans,13,3,21,1.5613397173583508,1.870497141033411,448,2.2,82.0,1.7,1.1,54.2,0.4,0.1
Richarlison,13,3,11,2.9557456206530333,1.868490908294916,150,2.6,65.2,0.8,1.5,23.8,0.2,0.1
Andriy Yarmolenko,12,3,15,1.6811838559806347,3.3316402528434987,392,1.5,81.5,1.3,0.5,23.9,0.3,0.1
Todd Cantwell,13,3,18,3.78343803435564,1.29175422526896,287,1.3,80.2,1.3,1.2,29.9,0.0,0.0
John Lundstram,13,3,12,3.658561270684004,1.9208251610398293,297,1.7,84.3,0.9,0.3,41.2,0.2,0.2
John McGinn,13,3,17,2.837072554975748,1.754896964877844,31,2.8,80.8,1.3,2.6,28.8,0.6,0.1
Aaron Cresswell,8,2,2,0.645528145134449,0.05810348130762578,376,1.1,81.5,0.3,0.3,47.9,0.0,0.0
Gerard Deulofeu,13,2,22,3.021530158817768,2.1404772028326993,363,2.5,83.4,1.8,2.2,23.2,0.5,0.1
David Silva,12,2,14,3.465551391243934,2.6393219642341137,219,1.7,86.6,1.2,1.4,44.8,0.1,0.1
Erik Lamela,9,2,14,1.03964851424098,0.8723603095859289,346,1.3,84.1,1.6,1,30.1,0.7,0.1
Dele Alli,6,2,7,0.7141863498836756,0.6993644684553146,344,1,76.5,1.2,1.2,34.0,0.0,0.3
Jack Grealish,11,2,32,2.838963203132153,3.0638383366167545,29,2.1,85.5,2.8,1.8,44.5,0.4,0.0
Willian,12,2,19,2.1757994778454304,2.4380833003669977,113,2.4,83.0,1.6,1.6,36.3,0.6,0.0
Patrick van Aanholt,13,2,9,1.2528501935303211,0.305631248280406,123,0.9,80.6,0.7,0.1,38.0,0.7,0.0
Jonjo Shelvey,8,2,11,0.401672744192183,1.1758564114570618,269,1.5,72.2,1.4,0.6,32.4,1,0.0
Jay Rodriguez,13,2,1,1.2891634535044432,0.08875156939029694,451,0.8,63.7,0.1,0.4,6.2,0.0,0.0
Ciaran Clark,6,2,1,0.3703078925609589,0.05486181378364563,259,0.7,78.0,0.2,0.7,23.5,0.0,0.0
Adama Traoré,12,2,14,1.0333127416670322,2.141249587759376,417,0.8,70.3,1.2,3.5,21.6,1,0.2
Andre Gray,12,2,9,2.0436574965715413,1.7759182602167132,364,1.3,66.4,0.8,0.3,10.2,0.0,0.0
David Luiz,12,2,1,1.0576141439378262,0.03012360818684101,106,0.8,84.5,0.1,0.3,49.3,0.2,0.1
Robert Snodgrass,8,2,15,1.1201527882367373,1.3594663105905056,393,0.9,80.1,1.9,1,24.5,1.9,0.0
Oliver McBurnie,11,2,3,1.1736672604456544,0.4216942936182022,501,1,60.6,0.3,0.5,11.5,0.0,0.1
Jeff Hendrick,10,2,3,0.9600319713354112,0.2312304815277457,100,1.2,78.2,0.3,0.5,22.0,0.1,0.0
Lucas Moura,11,2,6,2.508065540343523,0.465365432202816,345,1.7,80.1,0.5,1.4,15.5,0.0,0.1
Ricardo Pereira,13,2,11,0.5512758698314428,0.4553273739293218,159,0.5,79.7,0.8,2.0,57.5,0.2,0.0
Wilfred Ndidi,12,2,6,0.7082786839455366,0.19029133580625054,176,0.9,84.2,0.5,0.8,48.1,0.0,0.0
Luka Milivojevic,12,2,16,1.8116375152021649,1.189271063543856,134,1.1,80.6,1.3,0.3,46.8,1.7,0.0
Scott McTominay,12,2,9,1.6489651165902617,1.1521417628973722,248,1.7,78.9,0.8,1.5,49.8,0.2,0.1
Tanguy Ndombele,10,2,8,0.3215308031067252,0.3409915063530207,442,0.7,82.8,0.8,1.3,30.9,0.0,0.0
Douglas Luiz,11,2,3,0.437114205211401,0.4352711252868176,470,1.3,86.1,0.3,0.7,28.8,0.1,0.0
Rúben Neves,13,2,8,0.4556090496480465,0.707414036616683,414,1.7,77.7,0.6,0.3,46.9,0.2,0.1
Bernard,8,2,6,0.5991959348320961,0.2739022821187973,152,0.5,72.3,0.8,1.5,19.9,0.1,0.0
Leandro Trossard,7,2,15,1.6120672933757303,1.913875611498952,421,1.3,71.9,2.1,1.4,20.9,1.1,0.0
Moussa Djenepo,6,2,1,1.3158203149214387,0.3415261507034302,438,1.2,83.9,0.2,2.8,10.3,0.0,0.0
John Fleck,11,2,21,1.2760389642789958,1.4841409884393215,301,1.3,79.8,1.9,1.4,33.3,1.2,0.1
Conor Hourihane,8,2,12,0.8563868831843138,2.247684184461832,28,1.5,87.8,1.5,0.3,23.6,0.5,0.0
Trézéguet,11,2,8,1.917872488498688,0.4056495670229197,465,1.8,79.2,0.7,1.4,13.1,0.5,0.0
Aaron Connolly,9,2,3,2.399248450994492,0.16793134063482285,534,1.8,81.4,0.3,0.6,6.6,0.0,0.0
Fabian Schär,9,1,0,0.7773373462259769,0.0,252,1.2,69.9,0.0,0.7,35.8,0.1,0.0
Joelinton,13,1,13,2.11446070112288,0.7073915153741837,466,1.8,78.6,1.1,1.1,23.8,0.0,0.0
Jannik Vestergaard,11,1,5,0.4254413805902004,0.7267072796821594,304,0.7,79.6,0.5,0.3,38.3,0.1,0.0
Chicharito,2,1,0,0.8829848766326904,0.0,386,1.5,85.0,0.0,0.0,10.0,0.0,0.0
Josip Drmic,8,1,0,0.8403596132993698,0.0,434,0.4,80,0.0,0.0,3.1,0.0,0.0
Pascal Groß,12,1,28,0.8178704306483269,3.306596953421831,49,1.3,77.6,2.3,0.3,36.4,1.7,0.2
Ilkay Gündogan,12,1,19,1.6681310161948204,1.7445459309965372,222,1.6,90.6,1.5,0.5,55.8,0.7,0.0
Joel Matip,7,1,1,0.1732353027909994,0.015664158388972282,185,0.4,83.1,0.1,0.3,70.1,0.0,0.0
Sokratis,12,1,2,0.2936272639781237,0.7529756426811218,5,0.4,87.0,0.2,0.2,49.5,0.0,0.0
Steve Cook,13,1,3,0.3725379705429077,0.6846158243715763,58,0.5,79.7,0.2,0.2,47.8,0.0,0.0
Divock Origi,10,1,4,0.4661919716745615,0.2328024096786976,188,0.5,70.0,0.4,0.3,8.0,0.2,0.0
Adam Lallana,5,1,3,0.7592308968305588,0.11884146183729173,195,0.6,84.6,0.6,0.0,20.8,0.0,0.0
James Milner,10,1,4,1.2672998234629629,0.5048876553773879,200,0.7,85.7,0.4,0.1,18.2,0.0,0.1
Alex Iwobi,11,1,12,2.0594171807169914,0.8011239841580391,17,1.5,83.0,1.1,1.6,24.0,0.3,0.3
Calum Chambers,9,1,5,0.4192121550440788,1.2517056278884409,467,0.9,81.0,0.6,0.7,50.2,0.4,0.0
Wilfried Zaha,13,1,12,1.8405432812869549,1.241746101528406,133,1.9,81.2,0.9,4.5,25.3,0.2,0.0
Angelo Ogbonna,9,1,1,0.3129821727052331,0.051137376576662064,377,0.4,79.3,0.1,0.3,34.9,0.0,0.0
Michail Antonio,4,1,3,1.110153391957283,0.1690801866352558,389,2,67.9,0.8,1.5,13.3,0.3,0.0
Mark Noble,11,1,7,1.0680094063282013,0.3849039413034916,396,0.6,84.9,0.6,0.6,43.8,0.1,0.1
Nathan Aké,13,1,5,1.620068747550249,1.328363016247749,59,0.9,88.4,0.4,0.2,45.9,0.0,0.0
Tom Cleverley,9,1,13,1.6930489614605904,0.6229856535792351,371,1.7,84.6,1.4,0.8,32.6,0.4,0.0
Jordan Henderson,12,1,7,0.3257041312754154,1.264431782066822,198,0.3,77.4,0.6,0.3,41.0,0.5,0.1
Nicolás Otamendi,8,1,2,1.3633235767483711,0.0514519764110446,208,1,92.5,0.3,0.0,66.5,0.0,0.0
Kyle Walker,10,1,6,1.2173880897462368,0.889439195394516,203,0.9,87.9,0.5,0.7,62.2,0.3,0.0
Christian Eriksen,11,1,13,1.192416165024042,1.6516559775918722,343,1.4,79.6,1.3,0.0,33.5,0.7,0.0
Fikayo Tomori,10,1,4,0.1512087481096387,0.11987660080194472,529,0.4,87.9,0.4,0.5,78.6,0.0,0.1
Federico Fernández,7,1,2,0.6113782972097397,0.2156594842672348,254,0.6,71.8,0.3,0.3,20.3,0.4,0.0
Gylfi Sigurdsson,13,1,26,1.556432557757944,2.50356287881732,151,1.8,78.9,2,0.7,23.0,1.2,0.1
DeAndre Yedlin,7,1,3,0.7519300580024719,0.087185088545084,253,0.1,71.2,0.4,0.1,20.9,0.6,0.0
Jamaal Lascelles,12,1,1,0.2517055831849575,0.03229285776615143,258,0.3,82.2,0.1,0.3,24.8,0.0,0.0
Georginio Wijnaldum,13,1,3,0.8337894342839718,0.08076673001050949,199,1.3,91.3,0.2,0.8,42.4,0.0,0.0
Andros Townsend,11,1,7,0.19788996130228045,0.6168296486139297,135,0.5,74.7,0.6,1.9,15.8,0.5,0.0
Ben Chilwell,11,1,15,0.7205989826470613,2.1184789668768644,161,0.7,78.2,1.5,0.5,69.4,0.6,0.1
Nathan Redmond,11,1,12,1.903027169406414,1.169351402670145,320,2.1,73.5,1.1,2.4,29.5,0.1,0.0
Virgil van Dijk,13,1,2,0.5179321207106113,0.3510270155966282,183,0.8,86.9,0.2,0.0,74.8,0.0,0.1
Matt Targett,7,1,11,0.1708960086107254,1.0620005298405886,309,0.3,76.9,1.4,0.4,35.3,0.7,0.0
Andreas Pereira,12,1,15,0.8271955735981464,1.688390102237463,246,1.8,72.0,1.3,1.1,26.2,0.6,0.0
Tom Davies,7,1,0,1.0540152490139008,0.0,154,0.9,79.0,0.0,0.7,30.0,0.3,0.0
Lucas Torreira,10,1,4,0.9849367178976536,0.195914663374424,19,1,86.2,0.4,0.5,20.3,0.3,0.0
Jorginho,12,1,12,0.8912301529198885,1.837052890099585,118,0.5,88.7,1,0.8,78.8,0.0,0.3
Marcos Alonso,7,1,8,0.6836723135784268,1.1386392824351788,103,0.7,80.9,1.1,0.3,47.0,0.9,0.0
Johann Gudmundsson,4,1,7,0.3450343981385231,0.5287818387150764,96,1.5,57.9,1.8,0.8,14.3,2.3,0.0
James Tarkowski,13,1,5,1.1726188668981194,1.7566477954387665,84,0.7,68.8,0.4,0.7,33.0,0.0,0.0
Michy Batshuayi,8,1,1,2.2067565321922302,0.11061659455299376,461,1.4,83.3,0.1,0.1,3.8,0.0,0.0
Ryan Fraser,12,1,16,1.7453966569155457,0.9868932329118252,75,1.3,81.0,1.4,0.3,26.8,0.8,0.2
Andrew Robertson,13,1,19,1.0552389435470104,3.2522394619882107,181,0.8,83.9,1.5,0.9,69.2,1.1,0.0
Roberto Pereyra,11,1,12,1.6477563548833132,1.0758936358615756,369,1.2,85.3,1.1,1.1,29.7,0.2,0.0
Abdoulaye Doucouré,13,1,16,2.20637391321361,1.4178045764565468,368,1.8,83.3,1.2,1.5,55.2,0.2,0.0
Trent Alexander-Arnold,13,1,46,1.5345946587622166,4.973059073090552,182,1.2,74.1,3.5,0.5,64.2,2.8,0.0
Jonny,12,1,9,0.8417570851743221,0.3906258270144463,402,0.8,81.5,0.8,0.9,31.1,0.1,0.0
Rodrigo,11,1,15,0.22994625382125375,1.1108563784509895,443,0.5,92.0,1.5,1.3,70.5,0.0,0.1
Fabinho,12,1,13,0.11244402080774307,0.9389012660831212,197,0.5,86.1,1.1,0.6,60.4,0.3,0.0
João Moutinho,13,1,24,0.2747523859143257,1.8232108131051064,415,0.5,84.7,1.8,0.5,49.2,1.5,0.1
Romain Saïss,10,1,2,1.0850572045892477,0.0637778490781784,407,0.4,80.3,0.2,0.0,36.0,0.1,0.0
Florin Andone,3,1,1,0.36459624767303467,0.05819628387689591,46,0.3,58.3,0.3,0.7,4.0,0.0,0.0
Callum Robinson,11,1,2,1.561250001192093,0.16802142933011055,453,1.1,86.1,0.2,0.4,9.8,0.1,0.0
Patrick Cutrone,9,1,2,2.1299557313323016,0.4840551167726517,487,1,69.2,0.2,0.2,5.8,0.1,0.0
Çaglar Söyüncü,13,1,1,0.21784599870443344,0.02524409629404545,164,0.4,88.2,0.1,0.2,68.2,0.0,0.0
Nicolas Pépé,12,1,17,3.176951602101326,1.3682442270219326,488,2.3,80.0,1.4,3.2,24.6,1.1,0.1
Shane Duffy,8,1,0,1.1792077301070094,0.0,37,0.6,80.0,0.0,0.3,40.0,0.0,0.0
Lewis Dunk,12,1,5,0.6901334468275309,0.6702107433229685,42,0.4,86.7,0.4,0.3,67.1,0.0,0.1
Will Hughes,11,1,9,1.6990487370640042,0.9204323031008244,370,0.9,72.3,0.8,0.9,21.4,0.1,0.1
Jetro Willems,10,1,10,0.3625077595934272,0.6641749744303524,498,1.1,76.4,1,1.1,24.2,0.1,0.1
Cenk Tosun,4,1,4,0.9233677238225936,0.1477499371394515,146,2.3,65.1,1,0.3,10.8,0.0,0.0
Harvey Barnes,12,1,15,1.2990158516913652,2.0151856876909733,172,1.8,78.2,1.3,1.5,20.3,0.3,0.1
Dwight McNeil,13,1,17,0.4891057051718235,2.688760109245777,97,1.2,80.6,1.3,2.1,21.0,1.8,0.0
Matt Doherty,12,1,4,2.341316907666624,0.17387045733630654,401,1,75.0,0.3,0.4,31.7,0.1,0.0
Diogo Jota,11,1,12,3.4595382921397686,0.6625100877135992,410,2.3,76.7,1.1,2.3,26.9,0.5,0.0
Fabián Balbuena,5,1,0,1.0802910476922991,0.0,382,1.2,74.9,0.0,0.0,44.6,0.0,0.0
Chris Mepham,4,1,0,0.6975124478340149,0.0,61,0.5,86.3,0.0,0.3,31.0,0.0,0.0
Mason Greenwood,10,1,0,1.2614476680755615,0.0,234,0.7,83.0,0.0,0.1,4.7,0.0,0.0
Kenny McLean,12,1,11,0.383833865635097,1.3215790931135416,286,0.8,80.7,0.9,0.4,44.6,0.5,0.1
Onel Hernández,6,1,4,0.5296133868396282,0.2311761304736137,284,1.7,69.3,0.5,2.5,12.5,0.2,0.0
Adam Webster,9,1,5,0.17257576808333394,0.3524248106405139,493,0.4,85.8,0.6,0.6,63.6,0.0,0.0
George Baldock,13,1,4,0.29116753675043583,0.22050278261303904,294,0.5,77.8,0.3,0.9,28.4,0.8,0.0
Billy Sharp,8,1,6,1.1030683219432829,1.3684193696826696,298,0.3,70.5,0.6,0.4,7.6,0.0,0.0
Dennis Srbeny,6,1,0,0.4334107041358948,0.0,279,0.2,69.2,0.0,0.3,2.2,0.0,0.0
Matthew Longstaff,3,1,2,0.05994679406285286,0.18038031458854675,540,0.7,76.5,0.7,0.3,39.7,0.3,0.0
Brandon Williams,4,1,4,0.1481117196381092,0.1349547766149044,549,0.5,83.7,1,0.3,23.0,0.0,0.0
Mario Vrancic,3,0,2,0.16805586218833926,0.11150297801941632,282,0.7,80.8,0.7,0.0,8.7,0.0,0.0
Yoshinori Muto,5,0,0,0.08367183804512024,0.0,260,0.2,82.4,0.0,0.4,3.4,0.0,0.0
Allan Saint-Maximin,9,0,11,1.4642176628112793,0.9214665815234184,500,1.7,75.2,1.2,4.0,12.1,0.3,0.0
Bernd Leno,13,0,0,0.0,0.0,14,0.0,71.8,0.0,0.0,25.6,0.0,0.0
Andreas Christensen,6,0,1,0.2790294587612152,0.3171480894088745,108,0.2,90.4,0.2,0.2,47.0,0.0,0.2
Granit Xhaka,9,0,7,0.14144035428762436,0.31075677648186684,18,0.7,86.5,0.8,0.3,61.9,0.0,0.0
Ørjan Nyland,1,0,0,0.0,0.0,27,0.0,64.0,0.0,0.0,25.0,0.0,0.0
Henrikh Mkhitaryan,3,0,2,0.4295179098844528,0.2743019759654999,16,0.7,79.7,0.7,0.7,23.0,0.0,0.3
Ralf Fährmann,1,0,0,0.0,0.0,449,0.0,62.5,0.0,0.0,8,0.0,0.0
Max Meyer,4,0,0,0.22769547998905185,0.0,136,0.8,68.2,0.0,0.3,11.0,0.0,0.0
Sead Kolasinac,10,0,7,0.18670990597456694,0.94802875071764,3,0.3,85.5,0.7,0.5,33.7,0.4,0.0
Pierre-Emile Højbjerg,12,0,14,0.9845772124826908,0.8222782900556922,325,1.3,81.2,1.2,1.3,52.3,0.1,0.1
Simon Francis,4,0,1,0.08008120954036713,0.02855185605585575,62,0.3,85.0,0.3,0.0,20.0,0.5,0.0
Charlie Daniels,2,0,2,0.0,0.14172236621379852,60,0.0,75.7,1,0.0,18.5,1,0.0
Andrew Surman,3,0,0,0.0,0.0,80,0.0,85.2,0.0,0.0,9.0,0.0,0.0
Matt Ritchie,3,0,7,0.06766625493764877,0.3806598000228405,251,1,76.7,2.3,0.7,34.3,1.7,0.0
Dan Gosling,1,0,0,0.0,0.0,81,0.0,63.6,0.0,0.0,11.0,0.0,0.0
Jordon Ibe,2,0,0,0.0,0.0,78,0.0,82.4,0.0,0.5,8.5,0.5,0.0
Mamadou Sakho,3,0,1,0.0,0.029572835192084312,125,0.0,81.6,0.3,0.3,34.3,0.0,0.0
Héctor Bellerín,2,0,1,0.03701617196202278,0.13279984891414642,2,0.5,81.2,0.5,1,42.5,0.5,0.0
Nacho Monreal,3,0,3,0.043980330228805535,0.4594330191612244,6,0.3,87.6,1,0.7,59.0,0.0,0.0
Mesut Özil,4,0,9,0.04847196117043495,0.5139879491180182,15,0.3,87.1,2.3,2,56.0,1.5,0.0
Danny Welbeck,5,0,2,0.6208017915487289,0.035710873082280166,512,1,75.6,0.4,0.6,9.0,0.0,0.0
Olivier Giroud,4,0,4,0.03834202513098717,0.7464059367775917,110,0.3,77.5,1,0.0,10.0,0.0,0.0
Theo Walcott,10,0,6,1.4731301181018353,0.7172278333455324,153,1.6,64.0,0.6,0.5,11.4,0.3,0.2
Wayne Hennessey,2,0,0,0.0,0.0,132,0.0,53.2,0.0,0.0,31.0,0.0,0.0
Joel Ward,13,0,2,0.1465304270386696,0.0794455073773861,126,0.2,76.0,0.2,0.3,35.6,0.3,0.0
Scott Dann,3,0,0,0.06846261024475098,0.0,127,0.3,79.1,0.0,0.3,36.7,0.0,0.0
Connor Wickham,2,0,0,0.0,0.0,130,0.0,50.0,0.0,0.0,5.0,0.0,0.0
Adrian Mariappa,4,0,0,0.08626226708292961,0.0,356,0.5,82.7,0.0,0.3,24.5,0.0,0.0
Martin Kelly,8,0,2,0.0,0.6740477979183197,128,0.0,80.6,0.3,0.1,28.4,0.1,0.0
Adrián,8,0,0,0.0,0.0,526,0.0,74.4,0.0,0.0,25.9,0.0,0.0
James Tomkins,5,0,1,0.3606705367565155,0.05802321061491966,124,0.2,78.8,0.2,0.0,33.0,0.0,0.0
Cheikhou Kouyaté,11,0,6,0.6079817824065685,0.5188312586396933,139,1.2,74.6,0.5,0.5,27.5,0.2,0.1
Manuel Lanzini,11,0,21,1.0775703070685267,1.4739940799772742,391,1.3,87.4,1.9,2.5,41.0,0.9,0.1
Andy Carroll,7,0,2,0.11439335346221925,0.04386518336832523,520,0.3,62.8,0.3,0.3,6.1,0.0,0.0
David de Gea,13,0,0,0.0,0.0,235,0.0,70.3,0.0,0.0,19.7,0.0,0.0
Marcos Rojo,3,0,0,0.13206884264945984,0.0,227,0.3,69.6,0.0,0.0,15.3,0.0,0.0
Morgan Schneiderlin,8,0,3,0.18577830493450165,0.09026573598384856,158,0.5,87.9,0.4,0.3,45.5,0.1,0.0
Juan Mata,7,0,5,0.6979439184069633,0.2353110108524561,242,0.6,83.5,0.7,0.1,22.6,0.0,0.0
Jesse Lingard,10,0,11,0.3171117380261421,0.6751239998266101,241,0.7,87.4,1.1,0.7,19.1,0.0,0.0
Sebastian Prödl,1,0,0,0.057957686483860016,0.0,361,2,54.5,0.0,0.0,11.0,0.0,0.0
José Holebas,10,0,9,0.2385536441579461,0.4940405711531639,353,0.6,74.3,0.9,0.7,37.4,1.4,0.0
Etienne Capoue,8,0,4,0.3456558147445321,0.2667042762041092,373,1.1,88.8,0.5,0.6,56.9,0.1,0.0
Troy Deeney,3,0,2,0.5097333416342735,0.11659820191562174,362,1,46.2,0.7,0.7,17.3,0.0,0.0
Craig Cathcart,11,0,0,0.07949306070804596,0.0,358,0.1,82.7,0.0,0.3,38.9,0.1,0.0
Séamus Coleman,9,0,7,0.6999394185841084,1.4697776846587658,144,0.4,78.6,0.8,2.9,41.1,0.2,0.0
John Stones,7,0,1,0.5094266114756465,0.041717249900102615,207,0.6,93.2,0.1,0.4,61.3,0.0,0.0
Phil Jagielka,4,0,0,0.0,0.0,444,0.0,72.5,0.0,0.0,10.0,0.3,0.0
James McCarthy,9,0,2,0.0692561324685812,0.12032800912857056,157,0.2,78.4,0.2,0.1,9.8,0.0,0.0
Ross Barkley,6,0,10,1.1693329215049744,1.6772652324289083,117,2.5,86.6,1.7,1.3,32.3,0.0,0.2
Aaron Lennon,8,0,0,0.02423142641782761,0.0,430,0.1,67.7,0.0,0.1,7.8,0.0,0.0
Dejan Lovren,5,0,0,0.19115081522613764,0.0,186,0.8,83.2,0.0,0.2,70.4,0.0,0.0
Christian Benteke,11,0,6,0.5212589688599111,1.1581671386957169,129,0.7,53.0,0.5,0.4,7.5,0.0,0.1
Pablo Zabaleta,5,0,1,0.0,0.07637394964694977,379,0.0,77.8,0.2,0.4,23.4,0.0,0.0
Fernandinho,9,0,2,0.1971430964767933,0.08115547150373459,221,0.6,88.5,0.2,0.1,71.8,0.0,0.0
Ashley Young,9,0,18,0.08267359249293804,1.5520518347620964,224,0.3,82.0,2,0.8,52.6,2.4,0.0
James McArthur,12,0,13,0.601691416464746,1.3254354149103165,138,0.6,79.0,1.1,0.9,33.0,0.1,0.0
Alex McCarthy,3,0,0,0.0,0.0,318,0.0,43.4,0.0,0.0,27.7,0.0,0.0
Hugo Lloris,7,0,0,0.0,0.0,340,0.0,75.3,0.0,0.0,20.9,0.0,0.0
Toby Alderweireld,12,0,5,0.15875082276761532,0.16151498723775148,331,0.6,83.9,0.4,0.0,69.8,0.3,0.0
Jan Vertonghen,6,0,0,0.0,0.0,330,0.0,90.6,0.0,0.2,65.3,0.0,0.0
Danny Rose,10,0,11,0.08819849416613579,0.6761050913482904,332,0.2,81.3,1.1,0.8,43.2,0.8,0.0
Eric Dier,4,0,2,0.3912265598773956,0.044221184216439724,350,0.8,75.5,0.5,0.0,49.0,0.0,0.0
Ben Davies,6,0,2,0.025444841012358662,0.03356000036001205,329,0.2,76.1,0.3,0.5,36.3,0.5,0.0
Carlos Sánchez,4,0,0,0.0,0.0,397,0.0,95.7,0.0,0.0,5.8,0.0,0.0
Ashley Westwood,13,0,19,0.5615352354943752,1.9344031158834696,101,0.5,75.2,1.5,0.2,47.2,1.2,0.2
César Azpilicueta,12,0,14,0.07865171879529953,1.6540108323097231,105,0.2,78.4,1.2,0.3,63.2,0.9,0.0
Pedro,3,0,8,1.2285369411110878,0.3078187964856625,114,3.3,84.1,2.7,2.0,35.7,0.3,0.0
Nemanja Matic,3,0,0,0.12600949592888355,0.0,247,1.0,80.0,0.0,0.3,40.0,0.0,0.0
Gary Cahill,11,0,2,0.32704943139106035,0.06804173812270163,503,0.6,88.9,0.2,0.3,38.4,0.0,0.0
Lukasz Fabianski,7,0,0,0.0,0.0,388,0.0,47.4,0.0,0.1,24.7,0.0,0.0
Neil Taylor,8,0,1,0.12685371190309525,0.0630219355225563,24,0.4,81.3,0.1,0.1,32.0,0.1,0.0
Jack Cork,11,0,7,0.3625727528706193,0.812540590763092,102,0.5,74.8,0.6,1.1,29.5,0.0,0.1
Ki Sung-yueng,3,0,2,0.0,0.055116582661867135,268,0.0,89.4,0.7,0.7,22.0,1.3,0.0
Jordan Pickford,13,0,0,0.0,0.0,148,0.0,63.7,0.0,0.0,30.8,0.0,0.0
Dwight Gayle,3,0,0,0.0,0.0,554,0.0,100.0,0.0,0.0,0.3,0.0,0.0
Kasper Schmeichel,13,0,1,0.0,0.18576166033744806,168,0.0,74.1,0.1,0.0,26.2,0.0,0.0
Wes Morgan,4,0,0,0.0,0.0,165,0.0,81.8,0.0,0.0,2.2,0.0,0.0
Christian Fuchs,3,0,2,0.06797040719538927,0.10093383491039276,163,0.7,77.0,0.7,0.3,37.7,0.3,0.0
Marc Albrighton,6,0,8,0.1251978799700737,0.8653732538223267,174,0.7,77.8,1.3,0.7,19.5,0.7,0.2
Jeffrey Schlupp,11,0,7,1.3728678915649652,0.9487967370077968,137,1.1,76.4,0.6,0.8,18.9,0.2,0.0
Demarai Gray,9,0,6,0.3441676516085863,0.919114090502262,175,0.6,90.0,0.7,0.4,10.0,0.2,0.0
Daryl Janmaat,8,0,6,0.3307649660855532,0.39833011105656624,359,0.5,76.4,0.8,0.6,33.4,0.9,0.0
Moussa Sissoko,13,0,6,0.5531646162271501,0.934448191896081,349,0.5,88.8,0.5,1.3,48.6,0.2,0.0
Ryan Bennett,7,0,2,0.02391529269516468,0.09054247103631496,404,0.1,76.5,0.3,0.0,23.1,0.3,0.0
Robbie Brady,6,0,5,0.18353883177042007,0.19788315892219546,98,0.3,65.9,0.8,0.5,6.8,0.2,0.0
Alexander Tettey,8,0,0,0.0579325370490551,0.0,289,0.1,85.3,0.0,0.5,34.9,0.0,0.0
Ben Foster,13,0,1,0.3458039164543152,0.036706570535898216,366,0.1,42.1,0.1,0.2,26.2,0.0,0.0
Craig Dawson,13,0,1,0.7912641437724233,0.07949306070804596,439,0.7,80.6,0.1,0.2,37.2,0.0,0.0
Jonny Evans,13,0,2,0.7919903956353664,0.14999119378626347,162,0.5,86.7,0.2,0.2,61.4,0.0,0.0
Adam Smith,9,0,4,0.6487365737557411,0.7962404172867537,63,0.2,79.7,0.4,1,38.3,0.2,0.0
Ryan Bertrand,8,0,10,0.14452385157346725,0.8226584009826183,305,0.3,76.1,1.3,0.3,29.8,0.8,0.1
Victor Wanyama,2,0,0,0.0,0.0,348,0.0,89.5,0.0,0.5,9.5,0.0,0.0
Shane Long,5,0,2,0.0,0.14955532550811768,315,0.0,61.5,0.4,0.2,7.8,0.0,0.0
Oriol Romeu,12,0,7,0.12581687234342098,0.4596923589706421,328,0.3,79.0,0.6,0.5,47.3,0.1,0.0
Maya Yoshida,7,0,1,0.9399021724238992,0.07044664770364761,310,0.7,79.2,0.0,0.1,37.7,0.0,0.0
Cédric Soares,5,0,3,0.3359211590141058,0.1745132952928543,486,0.4,71.8,0.6,0.0,32.6,0.8,0.0
Paul Dummett,10,0,1,0.024163909256458282,0.012761619873344898,255,0.2,73.0,0.1,0.0,27.0,0.1,0.0
Phil Bardsley,2,0,1,0.040915271267294884,0.3721204698085785,86,1.5,55.1,0.5,0.5,24.5,0.0,0.5
Fabian Delph,7,0,3,0.01838066056370735,0.1527999322861433,205,0.1,87.0,0.4,1.1,51.6,0.1,0.0
Glenn Murray,10,0,2,1.102527461014688,0.8032588064670563,44,0.6,62.0,0.2,0.0,7.1,0.0,0.0
Kyle Walker-Peters,3,0,2,0.023991357535123825,0.0696899201720953,337,0.3,87.6,0.7,1.7,61.7,0.3,0.0
Erik Pieters,11,0,9,0.10590960551053286,1.47075039986521,447,0.5,67.3,0.8,0.2,33.4,0.5,0.0
Xherdan Shaqiri,2,0,0,0.018075916916131973,0.0,194,0.5,93.8,0.0,0.0,8.0,0.0,0.0
Sam Byram,5,0,0,0.5714010260999203,0.0,454,0.8,74.6,0.0,0.0,26.0,0.2,0.0
Muhamed Besic,1,0,0,0.0,0.0,522,0.0,100.0,0.0,2.0,2.0,0.0,0.0
Patrick Roberts,3,0,0,0.0,0.0,435,0.0,66.7,0.0,1.3,3.0,0.0,0.0
Axel Tuanzebe,4,0,0,0.0,0.0,481,0.0,88.2,0.0,0.0,34,0.0,0.0
Kurt Zouma,12,0,0,0.3017535023391247,0.0,459,0.7,87.1,0.0,0.4,65.1,0.0,0.0
Phil Jones,1,0,0,0.0,0.0,231,0.0,91.7,0.0,0.0,24.0,0.0,0.0
Alex Oxlade Chamberlain,9,0,3,0.5996012017130852,0.1240460742264986,193,1.3,89.7,0.3,0.9,18.3,0.2,0.0
Harry Winks,12,0,8,0.19892471469938755,0.5155849643051624,347,0.6,90.8,0.8,0.8,60.4,0.1,0.0
Paulo Gazzaniga,7,0,1,0.0,0.4000612497329712,341,0.0,67.0,0.1,0.0,26.9,0.0,0.0
Tim Krul,11,0,0,0.0,0.0,280,0.0,58.7,0.0,0.0,34.8,0.0,0.0
Mason Holgate,6,0,2,0.3584783310070634,0.6818345487117767,478,0.5,78.8,0.3,0.2,32.2,0.2,0.2
Joe Gomez,5,0,1,0.0,0.02203359641134739,184,0.0,84.7,0.2,0.0,11.8,0.0,0.0
Luke Shaw,3,0,4,0.0495753288269043,0.19111530482769007,226,0.3,86.4,1.3,0.7,49.0,0.7,0.0
Matej Vydra,4,0,1,0.09183474630117416,0.020001012831926342,92,0.5,75.0,0.3,0.0,2.0,0.0,0.0
Tyrone Mings,13,0,5,0.2253735437989235,0.4614032208919525,445,0.2,80.5,0.4,0.5,45.1,0.1,0.0
Jack Wilshere,6,0,0,0.0,0.0,394,0.0,82.8,0.0,0.2,10.7,0.0,0.0
Angeliño,4,0,6,0.06232348829507828,1.6257805600762367,440,0.3,81.6,1.5,1,44.8,1.8,0.0
Keinan Davis,6,0,2,0.5294855050742626,0.03615495283156634,34,0.7,85.7,0.3,0.5,3.5,0.0,0.0
Felipe Anderson,12,0,15,1.8150952812284231,1.9984246008098123,390,1.4,79.0,1.3,2.3,46.9,0.6,0.1
Moritz Leitner,9,0,7,0.21781209856271744,0.3639685455709696,288,0.9,87.4,0.8,0.8,62.6,0.1,0.0
Dennis Praet,9,0,2,0.14316874742507935,0.33593764901161194,517,0.4,85.8,0.2,0.2,18.0,0.1,0.0
Emerson,8,0,9,0.540798332542181,0.8027205429971218,107,1.0,86.5,1.1,1.0,56.4,0.8,0.0
Alisson,6,0,0,0.0,0.0,189,0.0,80.8,0.0,0.0,28.7,0.0,0.0
Moise Kean,9,0,3,0.8138796836137772,1.150139570236206,496,1,86.7,0.3,0.8,5.0,0.1,0.0
Adam Masina,4,0,1,0.028007233515381813,0.035449456423521035,355,0.5,66.3,0.5,0.3,23.0,0.5,0.0
Emil Krafth,6,0,0,0.3382335752248764,0.0,519,0.5,75.7,0.0,0.2,18.5,0.2,0.0
Tom Heaton,12,0,0,0.0,0.0,94,0.0,53.8,0.0,0.0,26.5,0.0,0.0
Matthew Lowton,11,0,11,0.014243402518332003,1.2746498528867958,85,0.1,68.7,1,0.5,33.7,0.8,0.0
Michael Keane,11,0,1,0.6449227407574654,0.06163007020950316,143,0.4,81.3,0.1,0.0,49.1,0.0,0.0
Ben Mee,13,0,5,0.12652424443513155,0.9461937006562948,83,0.5,64.6,0.4,0.1,35.5,0.0,0.0
Nathaniel Chalobah,4,0,2,0.10090031661093236,0.1336609572172165,374,0.5,75.5,0.5,0.3,26.5,0.0,0.0
Dominic Solanke,11,0,4,1.5605461113154888,0.4238404212519527,69,1.3,69.4,0.4,0.5,13.4,0.0,0.0
Ahmed El Mohamady,6,0,7,0.0,0.6188324317336082,22,0.0,88.4,1.2,0.2,21.5,0.7,0.0
Harry Maguire,13,0,10,1.3930245758965611,0.3238792233169079,160,1.1,86.2,0.8,0.2,61.8,0.0,0.1
Javier Manquillo,4,0,1,0.0,0.013571692630648613,256,0.0,69.4,0.3,0.8,12.3,0.0,0.0
Isaac Success,2,0,1,0.09479810297489166,0.05467768758535385,365,0.5,100.0,0.5,0.0,3.0,0.0,0.0
Christian Kabasele,7,0,0,0.020495634526014328,0.0,354,0.1,75.5,0.0,0.7,28.0,0.0,0.0
Georges-Kévin Nkoudou,1,0,0,0.056358423084020615,0.0,527,1,0.0,0.0,0.0,0.0,0.0,0.0
Claudio Bravo,1,0,0,0.0,0.0,213,0.0,90.9,0.0,0.0,33.0,0.0,0.0
Sofiane Boufal,10,0,9,0.8219164879992604,2.1962326206266884,508,1.4,78.4,0.9,3,15.3,0.0,0.0
Jack Stephens,5,0,0,0.0,0.0,308,0.0,64.3,0.0,0.2,30.8,0.0,0.0
Paul Pogba,5,0,13,1.105639398097992,1.2481929957866669,238,1.8,80.7,2.6,1.6,73.6,0.0,0.6
Rob Holding,1,0,0,0.0,0.0,10,0.0,81.3,0.0,1,48.0,0.0,0.0
Ainsley Maitland-Niles,6,0,7,0.40764421597123146,1.3057147189974785,4,0.5,81.4,1.2,1.5,44.8,0.7,0.0
Arthur Masuaku,5,0,5,0.031528474763035774,1.1122321747243404,378,0.4,82.1,1,2,48.0,0.6,0.0
Nampalys Mendy,1,0,0,0.0,0.0,179,0.0,33.3,0.0,0.0,3.0,0.0,0.0
Lewis Cook,7,0,1,0.031317253597080714,0.0857294425368309,79,0.3,82.6,0.1,0.7,33.7,0.0,0.0
Antonio Rüdiger,1,0,0,0.0745154619216919,0.0,104,1,84.2,0.0,0.0,38.0,0.0,0.0
Lucas Digne,13,0,35,0.5359176741912961,3.196717674843967,141,1.1,75.0,2.7,0.4,45.8,2.3,0.0
Ravel Morrison,1,0,0,0.02669377438724041,0.0,456,1,83.3,0.0,0.0,6.0,0.0,0.0
Martín Montoya,12,0,8,0.5343762524425983,1.0380104929208755,38,0.4,76.3,0.7,0.4,43.7,0.5,0.0
Jota,5,0,4,0.050109053030610085,0.5682314299046993,36,0.4,79.1,0.8,1.0,13.4,0.0,0.4
Jefferson Lerma,11,0,3,0.18779995664954185,0.11311156302690505,82,0.8,78.1,0.3,0.9,39.9,0.0,0.0
Vicente Guaita,11,0,0,0.0,0.0,131,0.0,51.7,0.0,0.0,27.3,0.0,0.0
Emiliano Buendía,13,0,28,0.8788170944899321,2.3296065572649236,283,1.1,80.8,2.2,3.2,45.2,1.2,0.3
Mateo Kovacic,13,0,10,0.4132933430373669,1.083349835127592,432,0.5,90.8,0.8,2.6,62.6,0.0,0.1
Pablo Fornals,12,0,6,0.5519079398363829,0.6911582984030247,399,0.9,82.5,0.5,0.3,16.2,0.3,0.0
Christian Atsu,11,0,10,0.19475524313747886,0.6661501973867416,267,0.4,82.1,0.9,1.2,13.2,0.6,0.1
João Cancelo,6,0,5,0.19452588818967345,1.3101507127285004,518,1.0,88.3,0.8,0.7,52.7,0.7,0.0
André Gomes,8,0,6,0.036838367581367486,0.3579856604337692,422,0.3,83.4,0.8,1.4,41.5,0.1,0.0
Mat Ryan,13,0,0,0.0,0.0,47,0.0,81.8,0.0,0.0,32.9,0.0,0.0
Víctor Camarasa,1,0,0,0.0,0.0,510,0.0,100,0.0,0.0,3,0.0,0.0
Dani Ceballos,11,0,11,0.34221556410193443,0.5954952538013458,469,0.8,88.1,1,1.3,42.6,0.4,0.0
Aymeric Laporte,4,0,2,0.08190283179283142,0.1450343132019043,202,0.3,93.2,0.5,0.3,81.0,0.0,0.0
Dimitri Foulquier,2,0,0,0.0,0.0,542,0.0,85.7,0.0,0.5,3.5,0.0,0.0
Albian Ajeti,4,0,2,0.0,0.03874383121728897,514,0.0,77.8,0.5,0.0,2.3,0.0,0.0
Oleksandr Zinchenko,7,0,11,0.2865631803870201,0.6756686009466648,206,1.1,91.6,1.6,0.3,73.3,1.1,0.0
Issa Diop,13,0,1,0.7782335132360458,0.4077252149581909,381,0.5,83.1,0.1,0.3,38.7,0.0,0.0
Frederic Guilbert,11,0,6,0.2016809731721878,0.9839030094444752,458,0.4,73.1,0.5,1.1,32.1,0.5,0.0
Djibril Sidibé,6,0,3,0.03710547089576721,0.7541880421340466,511,0.2,76.5,0.5,0.3,35.5,0.8,0.0
Ibrahim Amadou,8,0,0,0.4758036807179451,0.0,507,0.3,88.6,0.0,0.1,35.1,0.0,0.0
Benjamin Mendy,4,0,1,0.1172039583325386,0.020965179428458214,204,0.5,82.6,0.0,1,54.8,0.8,0.0
Serge Aurier,8,0,11,0.18691850826144216,1.205889543518424,336,0.6,81.0,1.4,1.1,42.0,0.8,0.0
Ezequiel Schelotto,3,0,0,0.07975748926401137,0.0,546,0.3,87.5,0.0,0.0,5.3,0.0,0.0
Jed Steer,1,0,0,0.0,0.0,429,0.0,50.0,0.0,0.0,2.0,0.0,0.0
Jean-Philippe Gbamin,2,0,0,0.0,0.0,497,0.0,71.4,0.0,1,35.0,0.0,0.0
Kiko Femenía,9,0,9,0.08743352815508842,0.7244045045226812,357,0.3,83.8,1,0.3,34.3,1,0.0
Kepa Arrizabalaga,13,0,0,0.0,0.0,111,0.0,79.0,0.0,0.0,31.1,0.0,0.0
Diego Rico,10,0,15,0.14116504229605198,1.6658998746424911,65,0.6,67.9,1.6,0.7,41.4,1.8,0.1
Roberto Jiménez,7,0,0,0.0,0.0,450,0.0,41.0,0.0,0.0,25.4,0.0,0.0
Jesús Vallejo,2,0,0,0.0,0.0,473,0.0,77.1,0.0,0.5,59.0,0.5,0.0
Bernardo,2,0,1,0.0,0.3025363683700561,39,0.0,81.3,0.5,0.0,8,0.5,0.0
Naby Keita,2,0,0,0.0,0.0,196,0.0,87.9,0.0,0.0,16.5,0.0,0.0
Kevin Danso,6,0,1,0.07807090878486632,0.07897821068763733,532,0.2,74.0,0.3,0.5,21.8,0.0,0.0
Angus Gunn,10,0,0,0.0,0.0,319,0.0,37.7,0.0,0.0,23.1,0.0,0.0
Nick Pope,13,0,3,0.0,0.19970626384019846,93,0.0,38.2,0.2,0.0,27.2,0.0,0.0
Declan Rice,13,0,4,0.14758552610874176,0.07178975734859705,395,0.5,89.8,0.3,1.2,49.7,0.0,0.0
Domingos Quina,1,0,0,0.0,0.0,375,0.0,100,0.0,0.0,2,0.0,0.0
Aaron Wan-Bissaka,11,0,6,0.3137691244482994,0.4552407264709473,122,0.2,79.7,0.5,1.3,49.6,0.3,0.0
Angel Gomes,1,0,0,0.0,0.0,245,0.0,80.0,0.0,0.0,5.0,0.0,0.0
Aaron Ramsdale,13,0,1,0.0,0.4954261183738709,494,0.0,54.3,0.1,0.0,26.2,0.0,0.0
Yves Bissouma,4,0,0,0.025975173339247704,0.0,53,0.3,85.0,0.0,0.3,10.0,0.3,0.0
Ismaila Sarr,6,0,2,0.19974360056221485,0.5180182326585054,525,0.8,85.2,0.3,0.7,9,0.2,0.0
Giovani Lo Celso,6,0,4,0.12507230043411255,0.1128184236586094,523,0.5,86.5,0.7,0.3,16.0,0.0,0.0
Matteo Guendouzi,13,0,11,0.4411988258361816,1.0428233034908772,21,0.5,88.4,0.8,1.7,62.8,0.1,0.2
Aaron Mooy,7,0,5,0.17758786492049694,0.6556694135069847,516,0.4,78.9,0.7,0.9,28.4,0.1,0.0
Philip Billing,13,0,5,0.5484451605007052,0.6593032851815224,476,1.2,78.3,0.4,1.2,44.3,0.0,0.0
Jan Bednarek,13,0,1,0.057172160595655434,0.12154563516378405,307,0.1,76.1,0.1,0.2,39.8,0.0,0.0
Charlie Taylor,4,0,2,0.0,0.11763320863246918,87,0.0,67.7,0.5,1.5,23.3,1,0.0
Solly March,8,0,8,0.3431487269699573,0.9336359575390816,55,0.9,79.3,1,1.1,34.5,0.9,0.1
Davy Pröpper,11,0,12,1.0572898127138617,1.4662587735801935,54,1.2,83.5,1.1,2.0,56.1,0.3,0.0
Dale Stephens,13,0,6,0.23364262469112876,0.2452054060995579,57,0.8,88.0,0.5,0.2,63.2,0.0,0.0
Ederson,12,0,0,0.0,0.0,212,0.0,88.9,0.0,0.0,24.0,0.0,0.0
Phil Foden,5,0,3,0.21954262256622314,0.19812129437923431,220,0.8,87.5,0.6,0.4,8.0,0.2,0.0
Isaac Hayden,10,0,6,0.17515484243631366,1.8644916862249372,271,0.7,79.4,0.6,1,27.2,0.1,0.1
Victor Lindelöf,12,0,2,0.0,0.2952423226088285,225,0.0,85.4,0.2,0.2,59.5,0.0,0.1
Gaëtan Bong,4,0,2,0.0,0.11898884922266005,41,0.0,81.5,0.5,0.3,6.8,0.3,0.0
Davinson Sánchez,9,0,1,0.5543398894369602,0.03628891706466675,333,0.3,89.6,0.1,0.4,58.9,0.0,0.0
Juan Foyth,2,0,1,0.0,0.023501129820942882,335,0.0,90.6,0.5,0.5,16.0,0.0,0.0
Pedro Neto,8,0,2,0.5702594015747309,0.9038633108139038,528,0.5,77.8,0.3,0.4,7.9,0.1,0.0
Hamza Choudhury,8,0,3,0.1314941830933094,0.08810355141758919,180,0.4,87.3,0.4,0.0,22.6,0.0,0.0
Callum Hudson-Odoi,6,0,10,0.6760008297860622,1.1544599160552025,116,1,84.3,1.7,0.8,20.2,0.5,0.0
Reiss Nelson,4,0,3,0.3481733649969101,0.05305315554141998,489,1.0,85.9,0.8,1,16.0,0.8,0.0
Michael Obafemi,5,0,2,0.05248481407761574,0.1425466537475586,314,0.2,79.2,0.4,0.6,4.8,0.0,0.0
Yerry Mina,12,0,1,1.1314630582928658,0.050173021852970116,142,1.3,83.3,0.1,0.1,50.9,0.0,0.0
Martin Dubravka,13,0,0,0.0,0.0,262,0.0,52.4,0.0,0.0,24.4,0.0,0.0
Jürgen Locadia,2,0,0,0.3997017852962017,0.0,45,1,52.6,0.0,0.5,9.5,0.0,0.0
Joe Willock,10,0,7,0.1699805147945881,0.4007529728114605,490,0.4,85.5,0.7,1,17.9,0.0,0.0
Fred,9,0,7,0.4846866689622402,0.4355979152023792,244,1.4,85.8,0.8,0.9,43.9,0.1,0.0
Ryan Sessegnon,1,0,0,0.0,0.0,524,0.0,0.0,0.0,0.0,0.0,0.0,0.0
Rui Patrício,13,0,0,0.0,0.0,411,0.0,59.0,0.0,0.0,19.7,0.0,0.0
Willy Boly,8,0,5,0.0,0.911743264645338,405,0.0,78.3,0.6,0.5,42.6,0.0,0.0
Conor Coady,13,0,2,0.0,0.09683773666620256,403,0.0,82.7,0.2,0.2,45.3,0.0,0.0
Rúben Vinagre,5,0,1,0.033274199813604355,0.048923056572675705,406,0.2,66.7,0.2,0.6,12.6,0.2,0.0
Morgan Gibbs-White,3,0,3,0.07185499556362629,0.0708760917186737,416,0.7,80.9,1,0.3,22.7,0.0,0.0
Ryan Fredericks,12,0,11,0.0,0.7491778768599033,380,0.0,75.5,0.9,0.4,35.8,0.4,0.0
Stuart Armstrong,10,0,0,0.3982399571686983,0.0,323,0.5,79,0.0,0.4,10,0.1,0.0
Sean Longstaff,8,0,11,0.2136936951428652,0.712906526401639,270,0.9,77.7,1.4,0.3,35.9,0.8,0.1
Björn Engels,11,0,0,0.20441625453531745,0.0,455,0.3,86.1,0.0,0.1,39.8,0.0,0.0
Oliver Skipp,2,0,0,0.0,0.0,352,0.0,100,0.0,0.0,1,0.0,0.0
Leander Dendoncker,13,0,2,0.7481651343405247,0.11218187212944032,420,0.4,84.5,0.2,0.3,33.2,0.1,0.0
Yan Valery,7,0,2,0.2103286013007164,1.143116295337677,306,0.3,53.5,0.3,1.4,22.4,0.3,0.0
Diogo Dalot,1,0,0,0.0,0.0,229,0.0,73.2,0.0,0.0,41.0,0.0,0.0
Bukayo Saka,6,0,6,0.6451331526041031,0.9808761700987816,541,0.7,76.0,1,1.8,16.7,0.2,0.2
Dan Burn,13,0,11,0.8967155758291483,0.938206635415554,475,0.5,78.5,0.8,0.7,51.8,0.3,0.1
Miguel Almirón,13,0,9,2.3822473604232077,0.3340976592153311,266,1.7,77.8,0.7,0.8,21.2,0.1,0.0
James Garner,1,0,0,0.0,0.0,250,0.0,100,0.0,0.0,14,0.0,0.0
Tahith Chong,2,0,0,0.0,0.0,249,0.0,60.0,0.0,0.5,5.0,0.0,0.0
Max Aarons,11,0,7,0.1877639833837748,1.3425482865422964,274,0.5,84.1,0.6,1.5,35.5,0.0,0.0
Ben Godfrey,13,0,0,0.138478540815413,0.0,273,0.4,92.0,0.0,0.2,52.7,0.0,0.0
Grant Hanley,3,0,0,0.13126046396791935,0.0,277,0.7,88.1,0.0,0.0,47.7,0.0,0.0
Jamal Lewis,12,0,7,0.09051253646612167,0.5635909419506788,276,0.3,77.9,0.6,1.6,43.3,0.3,0.1
Tom Trybull,8,0,1,0.3410976752638817,0.050255406647920615,290,1.1,94.5,0.1,0.3,45.5,0.0,0.0
Marco Stiepermann,11,0,9,0.9187816195189952,0.7715395744889975,285,1.3,72.2,0.8,1.4,24.5,0.0,0.1
Che Adams,9,0,6,2.568230677396059,0.8260581213980913,437,1.4,64.0,0.7,0.7,9.6,0.0,0.0
Dean Henderson,12,0,0,0.03304080665111542,0.0,471,0.1,31.6,0.0,0.0,26.1,0.0,0.0
John Egan,12,0,0,0.08136480674147606,0.0,295,0.2,81.7,0.0,0.1,32.8,0.0,0.0
Chris Basham,13,0,3,0.22099622525274756,0.4721964690834284,423,0.2,69.3,0.2,0.4,32.6,0.0,0.0
Jack O'Connell,13,0,7,0.3906283732503653,1.5173074509948492,293,0.6,74.5,0.5,0.2,41.6,0.2,0.1
Enda Stevens,13,0,13,0.3405959941446781,1.9639239804819224,291,0.5,77.3,1.0,2.2,39.9,0.4,0.0
Oliver Norwood,13,0,20,0.2347501991316676,1.1615231763571499,302,0.7,81.1,1.5,0.2,53.8,1.5,0.0
David McGoldrick,10,0,6,3.80408594571054,0.6259648948907852,303,1.9,77.7,0.6,1.6,20.6,0.1,0.0
Luke Freeman,6,0,2,0.034158024936914444,0.10943973064422607,441,0.3,78.3,0.3,1,15.3,0.7,0.0
Ben Osborn,2,0,1,0.0,0.12719765305519104,472,0.0,50.0,0.5,0.0,3.0,0.0,0.0
Simon Moore,1,0,0,0.0,0.0,436,0.0,20,0.0,0.0,20,0.0,0.0
Jonathan Kodjia,2,0,0,0.0,0.0,26,0.0,60.0,0.0,0.0,2.5,0.0,0.0
Ezri Konsa,3,0,1,0.3895278871059418,0.011085955426096916,452,0.3,89.6,0.3,0.0,32.0,0.0,0.0
Henri Lansbury,4,0,2,0.0,0.06579376012086867,35,0.0,90.0,0.5,0.0,5.0,0.0,0.0
Gabriel Martinelli,5,0,0,0.08024445176124573,0.0,504,0.2,75.0,0.0,0.4,3.2,0.0,0.0
Jack Stacey,4,0,1,0.09804361313581468,0.09246913343667984,446,0.3,73.2,0.3,0.5,34.5,0.0,0.0
Billy Gilmour,2,0,1,0.0,0.04068966954946518,533,0.0,81.8,0.5,0.5,5.5,0.0,0.0
Christoph Zimmermann,2,0,0,0.0,0.0,275,0.0,74.5,0.0,0.0,25.5,0.0,0.0
Steven Alzate,7,0,6,0.6857685558497906,0.2572254315018654,537,1,86.8,0.9,2.6,33.6,0.0,0.0
Michael McGovern,2,0,0,0.0,0.0,281,0.0,47.5,0.0,0.0,20.0,0.0,0.0
Marvelous Nakamba,8,0,6,0.043820103630423546,0.3073955923318863,491,0.4,83.3,0.8,0.8,36.8,0.0,0.0
Eric García,1,0,0,0.0,0.0,544,0.0,95.8,0.0,0.0,24.0,0.0,0.0
Leon Clarke,1,0,0,0.4281304776668549,0.0,547,1,100.0,0.0,0.0,3.0,0.0,0.0
Arnaut Danjuma Groeneveld,6,0,2,0.4493521396070719,0.08650514110922812,492,1,73.6,0.3,1.5,12.0,0.2,0.0
Reece James,5,0,0,0.020164452493190762,0.0,506,0.2,91.8,0.0,0.8,14.6,0.2,0.0
Kieran Tierney,3,0,3,0.06785999052226542,0.2862317264080048,515,0.7,79.3,1,1.3,37.0,1.3,0.0
